Word ID	Word
850	fawn
3179	gatekeeper
3380	coals
2536	pardon
4380	secondly
768	knelt
2685	yellow
4012	sleek
1399	four
927	nursery
511	sleep
2794	abide
1977	hanging
3055	stronger
2805	garters
3073	appetite
3871	captain
682	saved
3395	assembled
163	consider
13	whose
4691	patches
1975	ripest
1280	swam
3799	whoso
4326	scold
3540	contained
4394	equalled
3272	presents
4685	patched
2630	whatsoever
182	under
1625	lord
1403	sorry
2988	pride
2580	worth
3853	forfeited
2457	merchant
4022	wreath
2989	haughtiness
2390	rescue
3026	wheresoever
1246	compassion
2496	rise
4585	sufficient
4306	supposing
416	sermon
113	every
1015	softened
4837	govern
3366	uncertain
4256	stabbed
2899	screaming
4584	gobbled
2091	chapel
3203	disturb
3054	baking
4224	prize
3335	holiness
2130	wooden
369	conceive
1909	companies
4259	expectation
4579	harrowed
4349	persisted
1472	woods
2738	sexton
1480	delightfully
2208	slipper
670	clothes
4537	enjoy
3901	dwindled
2880	parted
2431	force
3183	sooty
934	quilt
799	tired
487	miller
3759	trodden
1753	feathers
834	horn
1135	nail
162	second
1871	street
1983	valiant
1694	sailed
3707	haughtily
1425	shining
645	even
4194	admire
2437	hide
3568	pace
4215	solemn
4202	thunder
2250	cooking
2313	fingers
1957	liberty
4700	yonder
4742	counterpanes
660	above
2471	conduct
2639	new
3363	net
1908	increasing
875	ever
1816	seeks
278	told
3286	kicked
2073	hero
3880	muzzle
1509	pancakes
3062	sunbeams
266	men
273	kindred
4803	stared
450	here
3127	herd
2982	beck
4506	mew
2914	pursuit
4576	ploughed
2473	represented
1465	path
63	quite
3702	crossbow
2858	natured
1468	strewn
141	daughter
1872	jams
789	leaves
625	climbed
2162	buckles
2822	credit
2010	military
4459	suitable
3935	settled
2643	punishment
3647	ventured
620	golden
1154	envious
2921	ridiculed
2722	divide
1620	owed
3687	straw
1227	angrily
2759	strap
302	brought
1910	patience
2461	turning
1274	guests
3093	drowned
4501	ponds
4727	ebony
2110	plot
242	spoke
220	would
3958	army
253	loused
2611	coins
4285	barks
1973	arms
3213	asses
3839	kettles
119	call
372	therefore
2417	violently
1995	strike
3267	inner
2440	fainting
176	until
3285	calf
2576	slaughtered
912	suffocated
3136	churchyard
3222	ferrying
1402	coffins
3480	holy
2657	brings
4686	trousers
2545	unrewarded
851	hurt
860	grief
81	glass
555	warm
2758	tying
2928	dukes
2032	robbing
4499	mainland
387	midst
1137	hold
1880	unpack
101	must
52	shoot
2672	shepherds
536	locked
876	wore
3907	rights
4546	pursue
1719	famed
276	work
4876	plunged
1422	roof
723	meadows
1624	vow
3573	sharp
1262	leaped
1383	hansel
142	my
3300	fortress
932	shook
3627	sinking
3791	loosen
2179	quiver
3698	wand
121	give
2449	household
1149	bitterest
1643	sentries
4329	dragons
4146	honey
3673	reviewing
879	want
3100	peoples
102	keep
973	enchantress
1153	worse
300	hoe
1448	end
1391	groaned
1801	provide
3966	rib
2235	travel
1038	song
794	nuts
1047	braids
3268	hereupon
233	how
737	hot
124	answer
1969	gate
2980	ordinary
2810	garments
238	badly
2173	crowding
2571	mouths
3595	lad
2870	scullery
1048	ladder
84	after
2136	imaginable
2680	sparkled
829	cottage
1774	wrong
4870	jumping
3848	poked
177	lay
1726	curiosity
4863	balthazar
2749	law
3191	lap
3448	kreuzer
1821	attempt
970	splendid
539	third
1716	amid
1829	youths
3042	vegetables
1212	greet
2420	assuredly
2631	rogue
904	haste
4295	scarf
2016	enter
1814	aloud
436	order
1172	wind
1124	wine
2486	origin
1746	executed
3166	hardhearted
3393	deck
2983	dirtiest
2697	consent
104	over
4777	arrayed
1319	satisfied
2358	sickly
2665	toads
31	reached
3583	clave
1464	crumbs
2018	dwelling
1681	fidelity
2503	wrought
1702	wickedness
502	before
2426	admirably
3032	forehead
344	fittings
2967	fit
3555	somewhere
3067	bringing
3603	fix
2376	befallen
4409	blackened
3522	crew
715	better
1823	thrown
4418	differently
3868	enlisted
1929	valor
1288	hidden
4728	chould
1302	overcome
1001	descend
65	then
275	them
3334	affected
4203	fragment
1539	hansels
1585	thee
2299	safe
3061	school
1386	break
3867	strolled
1156	repulsive
1687	shameful
61	they
22	killed
3930	disreputable
26	sixteen
1409	silver
4168	bank
712	bread
1650	bolted
1002	gloom
2341	meat
2529	gallows
1994	merrily
4796	potatoes
3995	leading
3423	nixie
3265	rocks
4507	herald
2995	clothed
317	good
1621	victory
2340	roast
575	each
1049	mounts
34	went
917	side
1537	bone
523	mean
3307	unharmed
1253	lifted
703	snakes
3040	meets
2505	garment
2915	fishpond
3261	forged
2448	bowls
2790	skins
4388	celebrating
3163	arrives
2686	turnip
3923	hanged
4594	fortnight
463	forgot
1993	dawn
2291	blinded
3197	borne
428	large
891	misfortune
618	whining
2996	velvet
1242	driving
720	god
3196	ha
2565	taler
852	washed
2454	vessels
4442	fellows
797	content
194	laid
4250	safety
3453	medicine
208	got
1443	newly
4110	washes
263	forth
3613	foundation
2053	disputed
3465	assured
3165	written
4783	tops
3445	alms
1743	threatened
10	little
609	free
2421	mourning
3164	thieves
3367	bestow
4163	ancient
3124	whereupon
2328	rain
4276	elsewhere
2760	ovenful
4723	entrap
50	wanted
4749	knit
3387	ammounced
4280	enormous
247	ate
4832	disturber
364	louse
2743	trotting
3420	pence
3914	bears
2849	spindle
3527	disturbed
4583	oppose
4746	delved
4085	leaps
2846	loud
1783	caught
3860	unlatched
4050	chopped
1229	enraged
814	rang
77	already
4033	dunce
3887	thereon
4106	stitch
1881	pots
2487	subtlety
2570	goggle
897	comforted
2305	hearing
1155	lovable
1081	hook
1312	spinning
4653	warped
4726	blossomed
282	awoke
2151	hazel
531	millers
2569	thick
3575	ditch
4714	onward
0	<UNK>
4776	bitten
1381	dwelt
4515	windmills
4736	lung
4479	nigh
469	service
4184	immovable
337	top
780	neck
225	girls
1355	twisted
3357	needed
1695	master
314	too
4523	tom
3028	dwell
465	ordered
2072	bethought
1404	bitter
812	dogs
3198	gnawing
1120	listen
1021	consented
920	curtains
4134	solemnly
3889	refraining
635	happily
3284	bacon
3652	villages
2409	serve
87	took
1720	wisdom
3262	tokens
2867	extended
4211	consideration
3513	wasted
3631	shortly
2507	sulphur
1839	millet
2152	brushed
2217	stocking
1193	bidden
380	distance
4213	swaddling
1390	anxiety
1809	hopping
1358	showed
4827	craved
611	tree
2863	rusty
459	seated
2346	shower
2054	matter
1300	idle
4036	exclaimed
1557	silly
1214	speaking
1561	iron
4475	sparrow
3069	feeling
4807	powers
1581	bridge
2453	fashion
2416	sees
257	handkerchief
379	ran
1043	resound
313	mind
1277	mine
4246	pigs
730	sorrow
2558	talking
1840	seed
945	manner
2101	rap
532	bemoaned
743	seen
3383	seem
4624	grind
1203	seek
2502	tells
4651	ray
1568	cage
229	forced
3230	forgive
903	strength
4581	harrows
3118	laden
2331	thoroughly
1361	latter
2591	responsible
1161	snow
2769	eagerly
3224	chest
2237	overtook
1578	pinafore
2282	doors
615	laughed
3264	cleft
1541	fattening
3563	rider
3037	blue
4151	starved
468	maiden
126	shall
424	mother
1647	corpse
553	mouth
2739	reverence
966	ashes
2060	coin
2255	parting
4017	crevice
2881	accord
3412	consumed
170	flow
714	dog
4869	ridiculous
1046	deeply
2524	breathed
3029	weakest
4092	sunbeam
1529	scream
2170	doves
898	saying
4417	beaten
3319	pope
731	hunger
147	nodded
2648	rascal
4815	retire
4757	colors
2912	chandelier
2260	poison
261	earth
2586	bail
1502	enjoyed
2108	bearer
2303	judges
3132	sewn
4305	proofs
4672	sleeps
2635	peasants
4753	astounded
4787	folded
1486	sugar
388	bush
681	touched
2116	rich
918	heartily
3245	announce
3781	borrowed
166	do
4559	mixture
3422	spill
632	rejoicing
3329	ecclesiastics
1875	tailors
103	watch
4790	perceive
3321	cardinals
3869	foremost
1413	pocket
4518	shutting
3003	scraps
140	christopher
3661	globlet
550	wedding
3180	ferryman
2147	knocks
2737	seemly
510	earn
1990	bar
3739	countries
3049	nicely
724	fields
3181	rowing
3463	anxiously
669	licking
2099	patch
947	twice
647	bad
802	softly
3754	stead
4831	troop
3812	release
3721	hasten
1005	steal
4784	steam
1876	ears
2669	searching
2660	blew
965	miserably
1194	swept
2423	riches
3056	nut
560	gladness
3639	resist
2314	bled
4480	depends
2214	toes
3098	cattle
3578	fail
356	miserable
2855	fain
3620	hammer
2689	mournfully
1151	best
1407	pebbles
1677	voyage
71	said
1597	runs
3908	shaven
4315	lots
160	away
2478	sail
3723	rings
4023	bier
1689	extol
3046	grandmother
293	mud
2942	thrushs
4462	teaching
4348	ailed
2123	drawn
2860	sorts
4822	previous
1660	approach
3253	preserve
2000	warrior
1278	sleepeth
693	never
3749	cleverer
3596	bargains
1548	wo
3498	confusion
997	handful
1978	weak
528	however
254	weary
763	devour
1139	drew
2371	extent
2932	gentry
1721	news
2183	picking
3828	debt
1764	kitchen
721	pity
955	received
2120	protect
1788	perish
2553	cow
2674	met
807	country
305	ill
963	against
4734	hated
2943	thrushbeard
232	asked
3112	fearlessly
1937	peacefully
2042	snored
1944	unbuttoned
3109	spear
2575	vexed
949	appeared
1648	royal
604	vain
4196	height
3910	hers
2451	tons
567	called
2024	betook
3622	loaded
1317	humming
3488	trust
598	speak
3755	gratitude
3776	accustom
2701	lightly
2606	beef
3969	trina
2528	condemned
3729	slay
3787	fro
99	three
16	been
150	quickly
1426	chimneys
3580	farthings
2719	beer
187	much
4635	interest
1831	expected
4657	transformed
1182	entered
824	lovely
321	thrice
3843	duties
1254	threw
3125	obtained
805	life
786	deeper
1770	spit
1637	attacked
616	greyhound
2231	pecked
2424	apartments
4865	uncommon
3204	gently
4277	payment
2514	lift
3022	hoist
2687	hollowed
588	child
433	catch
2140	worked
2238	sad
1301	spin
1758	pitiful
3402	gracious
1640	physician
4631	exception
594	save
4682	thenceforth
3533	buckled
3700	hangs
3592	tastes
375	air
892	ugly
447	near
4698	melted
4750	neat
4334	elves
2557	aik
1651	coffin
2585	stopping
3547	pitiable
4569	cracked
1029	voice
596	seven
517	changed
3139	fourteenth
798	played
3427	dumplings
72	is
15	it
3963	sting
4270	locksmith
2253	brewed
2573	im
2090	fled
12	in
4813	march
4209	philosopher
1598	mouse
3648	id
4703	disappear
120	if
478	grown
3824	damaged
4322	recover
1654	bottles
3235	shimmering
1817	perform
653	things
791	make
854	wound
1092	beside
979	rapunzel
4676	clucking
3045	harmony
2515	unfortunate
2395	plates
2086	several
3350	grows
3364	bells
1354	wheel
2960	fairly
1234	boiled
2975	crockery
3129	sings
3793	springing
1079	misery
1133	hang
652	evil
1069	rapunzels
1790	delight
3788	spanned
2076	unicorn
3270	hans
2222	insisted
2725	opportunity
999	greedily
3087	thoughts
1208	butter
2141	hearth
908	weakly
1287	kept
4497	whereby
1588	thy
4477	changes
4341	possessed
3010	humble
3605	drip
2656	inherit
4091	leaved
2640	ragged
3315	rome
443	greatest
2684	tormenting
729	hearts
32	the
4854	glittering
2954	yours
713	left
3655	leagues
4258	spurred
4739	neater
3031	appease
2121	departed
239	just
1298	sentence
956	gods
3349	masons
3474	sleepy
859	forsaken
2019	assigned
4755	disguise
1449	farther
803	human
1442	followed
286	yes
288	yet
4527	secure
4335	note
1503	hills
4791	dearer
1974	cherry
9	had
3535	fared
3275	hay
1481	spread
1178	obedient
1679	board
694	innocent
3666	prison
946	fares
2662	east
2148	hat
4352	flowing
204	gave
365	desire
2137	mocked
4314	casting
4162	boasted
1230	possible
2898	forester
667	fast
2220	possibly
3712	dismount
1107	birth
3744	destroy
697	judge
3195	dreamt
2511	burns
659	burnt
2097	dreams
2596	apart
1237	shoulder
3760	sorrows
2695	deafened
1191	gift
4392	visible
1757	waddling
1175	contradict
809	hunt
4217	pavement
1879	steps
1635	splendor
108	night
1341	hung
3980	security
2642	cooled
4627	meats
1074	right
586	old
1811	crowd
325	people
2694	chanced
857	easy
877	crown
336	briars
1567	dead
1573	chests
1497	born
1105	roamed
1521	escape
687	dear
2848	prick
629	bore
2286	guess
4191	rapidity
3738	enemies
3375	nobleman
3581	oppressive
106	for
1321	bottom
3392	carts
1730	whispering
2587	companions
3949	fox
4351	misled
1239	ice
573	plucked
303	everything
3231	stumps
2166	asking
2757	loins
329	summoned
4617	pondered
1526	shrivelled
3034	wandering
1306	beating
784	cord
2819	sewing
3571	bold
2823	defend
3359	corn
2325	burn
4286	wakens
281	disappeared
3992	discount
3252	substituted
1562	bolt
3534	keeper
3050	peep
4709	bury
2778	properties
1863	homewards
223	wept
4503	benches
4405	intentions
4058	months
1397	o
577	dinner
1094	despair
4356	coiled
473	afternoon
880	own
2676	lacked
3846	slightly
3401	marshal
3297	croak
1622	raised
1086	aha
2638	whats
1264	formerly
2193	mantle
4495	scythes
1789	prisoners
666	bound
1233	cauldron
3646	glimmering
93	down
1760	lies
1518	beings
3663	sow
2501	shoots
849	frightened
3562	stumble
2272	murderers
3675	parade
4716	existed
3976	rely
2707	despised
1856	rustling
1602	support
677	flying
889	jealousy
779	roebucks
1609	fight
3001	avail
299	stuck
776	quiet
591	way
4181	wax
1101	naught
2	was
1608	war
60	far
373	happy
3462	fork
1807	starve
149	head
3312	successfully
773	form
2009	offer
541	magnificent
3471	heal
2490	fore
392	pricked
911	heat
4150	needles
519	hear
1364	heap
3769	learned
1540	astonished
2234	blindness
929	true
3405	deepest
569	lilies
1325	dowry
2435	sighs
3885	extremity
346	inside
1967	bargain
944	tell
4197	crystal
3794	anew
3044	coverings
3068	latch
4327	temper
3837	trim
750	brightly
2843	promises
3310	adopt
3274	sticks
4575	unharnessed
3113	fury
3435	steady
3597	fattened
4544	covers
3299	drive
4748	somebody
3313	howling
2287	guessed
1363	promised
800	prayer
1680	ship
4554	mrs
4099	remembrance
3970	dealer
430	peeping
1060	willingly
1505	crutches
3948	password
3638	smelt
1691	faithful
1349	aunts
123	no
1263	whereas
668	stake
25	when
3619	handed
1512	reality
3545	uttered
4346	tin
2831	falsely
747	creep
2885	holding
1275	soundly
4452	test
2763	tie
581	vanished
990	nt
3782	brisk
3690	keuterberg
2415	picture
4321	intend
571	brothers
962	delivered
1226	toad
2197	preceding
1011	felt
1369	mightily
3234	maimed
1210	journey
2729	intent
2709	occasion
631	magnificence
1098	pierced
704	died
1421	legs
3302	warn
2230	younger
1080	fastened
818	longer
2838	bestowed
1838	sacks
3239	moat
2337	vigorously
2279	innkeepers
4288	landed
1232	daily
3414	trembled
1458	beds
4711	steeds
981	longed
2910	fundevoel
1064	remarked
1560	push
2161	fasten
4221	parcels
1676	restored
2194	gown
4368	recognize
1950	childs
3434	managed
4176	chain
1815	whoever
1571	dance
4449	skip
2274	rob
315	unhappy
3924	souls
1813	horseback
38	EOS
3678	yoked
4649	daytime
1847	grateful
863	skin
1610	battle
470	mill
4398	involved
3866	smock
1123	milk
2925	row
3249	injure
306	certainly
2970	ware
207	mallet
3589	flask
1565	godless
2419	swoon
143	father
3916	vex
3740	passage
2583	barked
861	answered
3955	charge
4540	unpleasant
2816	dissatisfied
4055	carpenters
931	suckled
1020	terror
2538	suffered
481	pleases
3065	fancied
2671	handkerchiefs
3369	tidings
4113	sockets
3002	string
3775	advantage
953	none
718	choice
4094	gloomy
4143	mourn
3248	fatigued
3467	knapsack
4622	advised
1531	cook
520	word
1347	trouble
4828	fifty
614	nor
2119	pious
3623	minute
174	room
2911	nowhere
1538	dim
1833	perceived
2240	sighed
2618	presented
285	did
221	die
4157	dig
576	brother
3033	mens
496	leave
4021	collect
3701	settle
1921	embroidered
3338	stipulated
839	quick
4599	loads
2506	woven
353	round
2902	fundevogel
1982	upper
1180	blade
1225	says
2323	meadow
3560	horseman
3696	hindered
3785	discover
3257	sign
4101	gnawed
992	cost
4255	chopping
2782	shirts
3736	scarcity
2824	utter
3539	smithy
1804	helpless
1549	bake
821	fear
752	drinks
2370	curse
2157	appear
3079	wolfs
4047	candle
4003	imagined
1144	celebrated
2085	havoc
3810	rub
3278	goes
2799	starwort
167	reply
1375	falling
3574	trot
699	filled
3649	satisfy
2394	dwarf
1164	basketful
3193	heavily
4430	clerk
1142	widow
2896	plucking
1737	understanding
431	water
2540	requited
4862	melchior
742	witch
583	alone
2352	along
3795	cork
4416	curtsied
384	change
759	wait
2667	box
11	boy
686	flames
4671	brilliant
1806	shift
2117	sick
4839	studied
960	guilty
3925	bow
3497	trial
3311	accomplished
1460	crumbled
4174	carbuncles
2310	usually
2023	quarrel
801	pillow
4469	homeward
1452	mouthful
4610	horeses
1852	tasks
4178	insolent
1905	unbidden
2057	madman
4510	merely
4015	prefer
4767	paragon
2316	marked
3939	bloody
2920	withal
4148	stings
1762	swallowed
4592	stingy
2350	wealth
3822	working
1772	prove
289	sake
3499	confounded
434	angry
1251	visit
1112	tears
4761	tightly
2530	permitted
2106	wrongs
788	live
209	wood
2693	wonderfully
4293	opposed
1515	keen
3111	shouldered
3373	angels
637	wicked
2205	smeared
3205	roared
3116	entrance
1236	flung
4539	fierce
4647	consoled
4114	towers
500	altar
3660	vagabonds
1372	odious
2917	drown
1742	everywhere
1802	flapping
4645	hesitated
2202	employed
4611	shafts
3143	prophecy
4875	rumpelstiltskin
4606	bushels
1471	fly
4819	demolish
4853	valued
3991	deserved
2132	decked
1469	thousands
2679	simpletons
3686	pretend
1090	cat
2275	soup
2718	sour
1292	drags
165	can
219	believed
1582	ferry
2659	dispute
4478	bites
4359	slightest
3919	lighthearted
605	heart
3486	crazy
2541	figure
3436	mirrors
2556	frogs
4612	earnestly
3482	arise
533	heard
1923	stroke
1342	chin
1949	dropped
1013	allowed
4312	counting
2306	stole
3384	pink
1844	rays
1157	winter
2422	inheritance
1698	fortunately
1186	divided
1668	watching
2301	poisoned
3460	cookery
3244	write
111	till
1289	sunday
4044	dined
1281	sword
82	skates
4193	tile
3719	gaping
1192	speaks
1653	loaves
3650	map
1419	staying
2204	staircase
2379	keepsake
3895	ducats
2517	sacrifice
3737	fed
400	spot
3417	disgusted
2750	produce
2213	trickling
4136	mankind
909	such
4821	tablecloth
4652	dove
1051	grow
68	man
438	vomited
1857	branches
4834	noses
2392	succeeded
2893	joint
1359	whenever
1652	candles
139	st
1596	tale
2634	inform
2877	thorny
1867	tailor
59	so
745	crept
1097	thorns
67	tall
3342	tapped
1128	pulled
4066	gesture
2976	drunken
3681	disturbance
3836	serving
2131	shoes
4214	repair
197	indeed
1820	forfeit
3162	wrote
925	midnight
27	years
2949	ended
3804	spurning
2342	stayed
2206	pitch
1554	darting
906	cold
155	still
1470	birds
683	tore
2012	limbs
2362	boys
1343	thumb
3654	maps
3926	willow
885	torn
3903	troubles
4013	stupidity
1661	hewed
1550	heated
482	maid
661	window
4538	suffocate
1740	suspicion
1989	spacious
848	dreadfully
4572	farmer
3519	ours
218	troubled
3685	parades
408	instantly
3840	stewing
1181	modestly
3765	woodcutter
2543	johns
3151	halt
4696	thereby
3421	grandson
2741	christening
991	sooner
283	delighted
3585	underneath
4296	touching
1850	conquer
193	half
55	not
901	bath
1655	provision
2519	hall
2866	rattles
3586	barrow
3212	unfruitful
4613	administer
4872	shouted
1022	name
3936	respectable
527	servant
4175	corners
2418	drop
2744	laborers
2787	flown
3784	peered
1870	peasant
3694	fisherman
3059	craftily
1672	veins
1453	scolded
323	entirely
1888	quarter
3594	vexation
2589	unloaded
2169	turtle
4056	square
3489	eh
1784	reeds
1599	whosoever
4407	reel
3841	sweepings
537	beloved
494	hurried
1558	goose
3805	richly
2134	fires
4705	owing
3490	farewell
4338	fainted
4609	entering
1036	year
480	girl
3656	worried
1841	sunrise
2430	tried
4126	giddy
1285	living
1682	shown
624	beauty
366	space
2612	profit
3855	uncombed
765	thirst
995	hastily
1374	treading
1900	attracted
3466	seriously
1798	stupid
4247	journeying
1444	coined
4263	dominions
4826	clover
2334	attended
3115	monster
3345	unexpected
2400	seventh
4756	laces
748	brooks
3944	spies
4378	wits
3559	lump
1168	besides
4238	spied
4747	ore
3114	cloven
4850	manikin
871	care
3711	advance
4490	fixed
1738	language
3170	marries
3971	affects
2311	fonder
1117	contented
1855	kingdoms
2280	honest
1223	turn
389	place
4237	swine
1282	swing
3169	entrusted
202	think
357	waited
192	first
1100	blind
1930	cheese
1427	constantly
592	saving
3036	destined
3725	striking
2367	spoken
1717	waves
4298	potter
442	yourself
1796	clumsy
4641	soaring
1882	inspected
2080	directly
1475	carry
2675	impossible
4830	hazelsticks
2167	tame
692	open
1336	tomorrow
3440	discharged
4438	size
1988	sheep
1810	city
504	given
4103	thoughtless
2122	sheet
3187	silent
3304	district
3006	derision
1385	bite
183	slept
4508	plagued
2089	tusks
940	anyone
3820	woodcutting
2178	shiver
1412	stuffed
279	white
2979	bits
1054	friend
3178	gives
663	eyes
3071	hug
882	pomp
3800	releases
18	that
4460	thieving
3356	brains
4302	suit
2051	pelting
2773	hut
3207	released
2600	alas
4297	eyed
3147	undesired
4180	copy
190	than
722	wide
1707	sailing
4582	oats
2039	require
4001	folly
4190	modelled
2412	halls
2857	plenteously
3352	future
4629	knives
1510	apples
2027	venture
3236	fruits
1631	oath
30	and
1639	illness
1000	tasted
3238	angel
1344	remained
4350	seal
1141	turned
249	lice
1575	jewels
1731	voices
1794	ant
2862	winding
761	say
727	rained
1627	buried
3732	cupful
1014	anger
1185	breakfast
3523	sap
47	saw
368	any
222	sat
2347	clung
4244	overjoyed
3940	footed
3004	general
4811	warriors
680	downwards
2796	aside
2850	shocked
1099	wandered
4389	dining
4551	rascals
1293	wretch
226	take
4264	resembling
603	wanting
2610	wonder
3426	blunt
3388	skilful
3709	closer
1332	begin
2909	sure
1093	pain
3089	pail
3108	opposite
440	walnuts
3977	price
483	knew
2059	paid
2800	falls
3485	lustigs
700	boiling
1072	pair
1859	knee
1351	cleared
3291	calves
1763	queens
3888	bearskin
2940	especially
4131	fills
1827	considered
4662	egg
1832	proud
3818	blockhead
1474	hungry
4522	gracefully
2727	wing
4317	ways
1705	bade
4597	powerfully
2789	sunset
205	axe
4031	stockings
4683	uncle
4229	hedgehog
3746	salt
3929	trotted
1360	quantity
2102	yard
3043	pans
477	walking
887	shot
2087	foaming
2924	marshalled
1907	german
1873	cheap
1353	trod
2104	discovered
294	bright
2118	bedside
4236	shod
2210	shoe
179	threshold
936	corner
4778	trow
2936	fifth
320	ground
3947	gnat
4809	whatsover
1495	gnaw
2865	busily
2433	destruction
2096	warlike
3954	plume
2216	stained
3884	cloak
4397	crime
4070	gulp
4866	shortribs
602	only
304	going
2126	black
4720	dreamed
4355	uppermost
1075	snip
3658	invisible
975	dreaded
1522	plump
657	lighted
1533	bitterly
4536	guarded
453	rejoiced
461	get
4719	committed
4204	cannon
4640	diamonds
3452	begging
2006	counsel
2344	truly
4824	fortifications
159	cannot
395	nearly
3803	cheat
4632	distinctly
2044	pocketsful
2990	humbled
2872	hedge
1030	unfastened
2821	treachery
3013	celebrate
1310	reveal
3584	leather
2615	command
775	sorrowfully
4266	befall
2972	yield
112	morning
3667	naked
445	miles
3138	predicted
3520	landlord
1553	dough
4144	finishing
881	where
2278	communicated
985	husband
4670	helps
4173	gleamed
1747	declared
1551	oven
2474	burst
2481	seas
4169	dived
2249	fanned
2248	seat
4552	relative
3511	namely
256	asleep
4661	sorest
2745	hoes
1667	hastened
856	sport
3635	aroused
3797	strangle
3083	forbidden
2069	concern
3097	farmers
2941	crooked
831	jumped
2919	haughty
4084	forecast
460	outside
4088	moldy
4161	arrogant
200	between
1734	chattering
1587	across
1414	forsake
1077	pitiless
3250	arrival
4675	fir
847	notice
1709	thunderstruck
760	spring
3876	fearless
3756	grieves
413	preach
4534	pained
2888	pluck
3308	revealed
2375	blame
2633	disrespectfully
1708	countenance
4141	spare
3564	hurts
3039	tub
2159	comb
117	come
1825	grieved
1119	mans
3741	conversed
3428	strides
316	many
3986	stupidest
4090	thickly
810	blasts
1305	loudly
4408	nutshell
4125	mane
3748	departing
2666	prettiest
899	comes
2285	riddle
2022	among
4228	madness
1116	afterwards
1255	stream
538	prayed
2245	armchair
2171	pot
1846	ants
2335	satisfaction
2566	maintained
994	clambered
878	stretched
3832	learning
2084	boar
4218	moreover
4245	writing
1693	boat
1883	nose
1524	muttered
3576	mare
2241	arts
643	practises
4706	lifes
2649	capable
1536	stretch
2663	west
1140	informed
2318	mark
1170	breath
1928	workshop
2233	punished
3432	scramble
1671	hardly
2712	sensibly
3790	schoolboy
1423	wants
4279	direction
4792	enable
544	offered
1605	blessing
3219	greedy
3160	commands
2547	wounds
2425	dangerous
753	tiger
4713	mocking
2480	observe
4531	wake
4342	rubs
4496	stems
1260	suspected
2372	careful
4486	ruby
3500	former
646	those
1016	case
3817	wherewithal
118	myself
441	these
2495	mount
1965	twigs
3621	straighten
3588	trick
964	cast
3437	slippery
4725	forefinger
1948	squeezed
4152	situation
521	awakened
2349	cock
1904	invited
2180	slippers
3276	cart
4842	endowed
622	brow
4857	strait
3902	purse
913	nightcap
1754	smooth
2614	according
4440	huntsmens
1430	middle
4804	pressing
1570	embrace
3657	dangerously
268	commanded
2705	wisely
4619	hens
4374	awhile
3618	worry
3251	different
509	perhaps
4628	handled
3834	doctor
4860	inquire
1250	pay
1248	granted
2779	unrolled
2770	perpetually
579	same
4448	trip
2836	acquaintances
2041	followers
4472	buys
1616	stepped
3809	plaster
4435	pan
4331	stomacher
4086	week
3525	noble
701	oil
4073	barefoot
4732	ween
2343	sickness
4064	enjoyment
3154	foundling
1089	nest
2037	assist
3691	hullo
4735	weed
2552	driven
3493	persons
4414	fowls
3095	lamentation
347	arose
2721	cinder
1103	weep
1316	wheels
2332	holle
1346	complained
1012	longing
4614	fortnights
3934	dying
4234	bagpipes
1899	flies
4535	floor
3512	magical
4601	bailiff
952	restrain
2218	stunted
1638	severe
1213	without
2293	solve
2710	bottle
4095	relied
4102	faintness
1713	reward
1797	bodies
4379	consisted
270	heaps
3023	summer
2385	malicious
1822	suitor
1670	being
4500	generally
4107	guided
923	rest
813	shouts
3225	sweeping
1258	violent
2247	growled
858	kill
1887	ounces
1378	touch
4715	tis
2181	speed
4514	kneeling
3263	wifes
1173	blow
617	sprang
128	death
2317	dipped
1145	womans
2356	thinking
385	rose
1885	seems
2405	except
4659	peak
4578	harrow
1664	parts
1431	pile
958	rosy
3256	hind
4377	disputing
212	struck
1066	heavier
3246	joyful
1114	kingdom
1860	starving
585	around
2026	kills
1771	easily
1945	read
4812	ruler
4051	mow
711	crusts
828	dark
3016	earnest
2588	insist
2297	listening
3385	confined
493	world
2930	earls
505	lady
2956	hovel
943	dare
4316	mannikin
1118	acquainted
1050	fortune
2246	stranger
546	ribbons
3362	fowlers
2720	greeting
4816	shelf
1566	lightning
526	chamber
2599	audience
3327	miraculous
355	either
562	bewitched
3361	fully
486	served
1024	tower
4681	sorcerer
2795	robbers
4201	clap
1752	making
2771	fulfil
564	twelve
2232	falsehood
2647	jews
3945	enemys
2783	witchcraft
1634	outlive
3378	pronounce
4663	winds
4445	ante
2597	snatched
1946	respect
2793	duration
3199	root
3076	snoring
1714	accomplice
2139	lentils
3472	provided
3134	bones
1979	twig
2434	unlocked
224	noon
2809	smitten
1406	moon
3381	throat
3582	moor
4345	garret
4630	forks
475	tubs
2212	knife
1663	severed
2869	frizzling
1371	welcome
3997	wheat
158	business
4481	sensible
2827	sixth
1295	nails
3683	sprung
4253	slaughter
309	broken
4593	journeyman
1748	innocence
3391	sixty
4304	roaming
1697	fished
1202	throw
3508	tread
2864	lock
178	on
137	stone
1115	joyfully
235	oh
28	of
4712	jeer
3727	violence
2403	favorite
3671	drag
3802	slender
1487	meal
3777	chop
1617	boldly
255	fell
762	wolf
411	stand
1576	pockets
2605	ox
3842	wanderings
896	luck
599	or
725	stony
865	heavy
1457	quietly
4779	utterly
1433	burning
4738	whites
2955	wishing
138	image
4284	skilled
549	blessed
4208	legged
2987	cursed
4590	harness
3496	councillors
3153	lively
4775	shock
4367	verily
1971	hark
4183	movable
3607	lastly
168	your
3852	logs
4697	stare
1633	cared
2191	hew
2938	log
131	her
3157	hes
3430	bristles
3449	assumed
2623	strictly
1	there
2242	disposed
710	meals
4046	cats
3718	lions
2958	low
4292	sealed
3720	jaws
910	hellish
2887	hen
4425	hare
2812	modest
4455	project
1476	mornings
2031	mischief
2364	jug
4038	kittens
4688	regard
2380	pitcher
2713	delayed
115	strikes
3293	gretels
3570	jup
1388	land
2081	gore
4274	huntsmanship
2688	mice
2948	trying
36	with
2661	feather
675	whirring
2040	outskirts
2567	abused
2616	pull
3835	hire
3850	bellows
3479	arranged
1683	rescuing
2061	rage
3425	bucket
2203	ruse
2629	treasure
2144	dirty
2388	chicken
4797	blackbird
796	grass
1506	creeping
4309	affection
3899	bearskins
3877	oho
3677	oxen
4261	falseness
2038	subdue
3872	hearted
1489	taste
2432	certain
1666	moved
2489	deep
1808	fellow
3766	toiled
214	as
3439	trundle
46	at
4658	trace
198	watched
959	deed
3874	heath
3530	ghosts
4421	noticing
296	fill
154	again
2270	stumbled
2947	fiddler
2546	rubbed
1291	deserve
1603	burden
980	green
1241	thither
2259	tight
3317	croaking
2429	terrify
4751	evenings
4633	snuffed
4299	earthen
4390	dismayed
2021	thousand
582	poor
4112	moist
3400	formed
597	may
3035	pillows
386	shelter
2330	teeth
2200	pear
2747	decree
4124	whistling
4172	beaks
2840	gifts
4704	goaded
3941	midges
868	bounded
2267	innkeeper
3047	suited
2746	serious
3259	unbound
2459	decorated
2252	prudent
1744	unless
1215	awkwardly
4192	building
2788	mourned
1869	sewed
146	calls
132	wife
1224	uglier
2075	roams
3398	principal
1793	repay
3336	mass
2733	wherever
4370	doubted
4396	resembles
1370	apparel
4400	resolution
2555	talers
2052	growling
4057	needful
705	since
3131	skeleton
2125	vile
4562	breadth
2030	caused
3731	beware
1980	lack
1477	weariness
4344	month
3968	ceased
3318	thoughtful
2692	coach
2931	barons
1724	dish
1955	follow
3572	faster
4422	espied
542	children
2658	carpet
2244	strangers
4666	griffin
4656	apartment
2158	number
35	hunting
2526	ignorant
2944	daugher
4411	allerleirauh
2962	provisions
2462	sparkling
2625	laughing
51	to
1926	tail
2408	foster
3374	painter
1091	scratch
3176	fountain
3892	cress
3529	hideous
3365	jingling
1159	hill
676	sound
345	belonging
587	woman
330	returned
1756	confidential
4634	returning
237	very
1228	horror
3149	floated
105	eldest
3634	lain
1517	aware
512	sons
3554	hammering
870	fall
2384	awful
3825	difference
3984	cunningly
1018	condition
3288	leads
728	heaven
1147	washing
1335	mothers
4733	heaved
4547	regiments
1665	joined
2878	grandfather
2690	random
1479	sang
217	sand
425	undone
2312	highway
4383	wearer
4874	harry
216	small
3542	smith
679	sank
3669	ass
4521	quicker
1519	neighborhood
444	ten
1991	grasshopper
3455	healed
535	past
230	go
1546	rate
4401	design
837	pass
1970	further
2381	chair
3922	ribbon
1800	creatures
4156	conscience
987	ails
267	what
2825	defence
136	stood
2236	darkness
2889	sweetly
114	clock
734	sun
4763	poisonous
2224	stool
2493	chestnut
2957	stoop
3900	prevailed
412	pulpit
3007	fathoms
3330	undecided
2668	deal
926	nurse
3813	racing
3085	public
559	full
3202	altogether
1572	witchs
2186	loose
4415	raked
429	leaping
1160	vale
3742	revenge
269	hours
4032	whichsoever
1962	trunk
341	strong
4123	endured
3441	lustig
2378	search
3020	bible
1673	colored
3653	houses
2190	pickaxe
3483	tomfool
4818	fired
2608	soldier
3145	amount
1642	horrified
248	pick
1195	real
2033	murdering
2861	narrow
1767	fatten
3537	tranquilly
3632	struggle
2728	sticking
4375	wizard
552	depart
66	suddenly
3064	nosegay
1040	solitude
1592	emptied
127	put
4689	snug
3879	aimed
4206	amazement
1052	beheld
4071	suits
4808	armed
2477	helmsman
1961	readily
1968	whistled
3861	attendance
893	eye
2498	takes
3443	kreuzers
1408	glittered
4420	beginning
4446	swered
3024	faint
938	silently
2199	pears
1368	praised
2458	unrecognizable
466	taken
648	consciences
1231	injury
151	more
458	horses
1339	flat
3008	wretched
196	door
641	knows
3232	handsomely
2188	company
4786	spoilt
1315	flax
3397	excuse
2874	flag
3645	stromberg
2601	stick
211	broke
2386	particular
522	known
2621	gained
3946	commander
2830	vigorous
3544	hammers
919	glad
3505	cunning
1918	town
3041	helped
4690	berth
4745	dwarfs
145	hour
2637	offender
2607	sentry
1395	thickest
4557	duty
4109	dew
939	guards
3478	remain
3223	sudden
109	nine
4212	greeted
3295	learn
830	knocked
4081	thumped
3999	lighter
4216	marble
4752	believing
498	beautiful
4347	purchases
1938	bravely
3636	brown
2485	meaner
3060	gravely
2107	armor
1451	share
3953	bushy
1328	days
3521	thievish
1500	pushed
3192	breathing
2544	childrens
265	numbers
3340	sense
2579	cows
291	pond
1283	swung
499	dress
1848	presently
2755	huge
1776	court
2093	awkward
1604	rather
3577	breaking
1749	dismissed
4069	hearty
777	untied
4596	glowing
4564	freshly
685	extinguished
4616	clerks
3451	beggars
2999	scorn
1543	stir
3280	goat
3918	handsomer
1943	creature
2043	waved
4644	ransom
2542	sprinkle
1556	intended
4262	disgraced
3210	advice
4182	pertained
4643	tries
1400	plane
2959	lighting
169	blood
407	coming
3915	growl
3757	proclaimed
4260	hedgehogs
5	a
3506	contrived
3906	refuse
215	short
4337	onto
853	herbs
1377	twisting
2582	sniffed
3137	caul
3242	deserted
2368	coal
1826	shore
3368	wishes
2115	dread
572	pleasure
3194	dream
2366	playing
3518	hostess
988	replied
1805	chicks
274	help
4303	truthfulness
3761	incessantly
3418	bowl
543	flowers
419	soon
3175	trade
808	held
1163	paper
89	through
1501	pane
4410	soot
3171	hell
1007	suffer
148	its
792	roots
3144	seeming
4760	laced
2045	slipped
3017	possessions
754	pray
1891	sale
2281	deeds
2884	hounds
2219	late
2781	absence
4437	faithlessness
3611	alls
2516	disclosed
2531	speech
2696	clamor
3625	cool
495	might
4458	alter
4079	wry
1398	fool
2717	hurting
110	evening
1688	return
3917	generously
1861	seeking
1508	food
4806	propose
4195	largest
845	hunter
2981	cooks
3174	watchman
844	limped
2977	hussar
4185	underground
4025	walls
4011	grandfathers
437	vomit
2926	rank
476	foot
3774	suffice
2298	hunted
1795	complain
1896	bigger
2522	sucked
4138	longlegs
3722	imprisoned
1122	wash
129	always
4364	whithersoever
4553	instruct
3120	refresh
503	bless
757	tear
3254	token
4089	murmured
1243	stopped
937	stroked
3141	turns
4450	roll
749	found
3549	hermit
2645	friendship
3331	counselled
4789	exquisite
766	roebuck
4187	weighs
873	harm
467	everyone
244	begged
1279	upstairs
3599	weight
331	house
290	fish
593	hard
378	idea
3379	poodle
2374	accidentally
1894	finish
2604	expect
3103	undertake
3752	suspecting
4620	scratching
333	thing
1031	braided
184	really
4403	peltry
2302	inquired
3409	flower
1723	trusty
3382	wondered
422	walked
842	surrounded
1462	pigeon
2892	flickered
4225	trusts
2632	cheated
2590	countryman
866	health
1256	flowed
2845	avenge
3679	foal
3240	gardener
3019	benjamin
1424	bye
4041	viol
342	conceived
4040	bass
1416	risen
2165	dirt
4451	favored
3862	combed
3494	confidence
628	horse
4426	sh
2339	pleasant
3038	difficulty
2015	reason
2520	murmur
4142	imagine
507	ask
2407	teach
1467	rises
3628	reproach
2074	heroic
4798	guest
827	bushes
80	pairs
3695	reared
2228	betrothed
1352	thread
4604	surlily
1447	loaf
4829	surround
2383	terrible
3289	rack
501	bridegroom
1003	terribly
3258	conducted
3201	wither
2774	expecting
2644	pure
1216	enough
1890	consequence
340	castle
3680	waggon
1265	fallen
717	throws
1877	delicate
1392	feed
4049	copper
4823	dine
1084	gazed
2775	stepmother
1439	forwards
2766	prevent
251	feel
4680	relate
3665	pestle
2048	knocking
328	reflected
1166	fancy
2284	traveled
548	feet
2164	dust
3117	brave
157	done
690	embraced
2127	wench
4799	traveler
3557	wages
3847	corporal
2875	story
1791	heads
2609	jew
4205	jet
3973	paint
1912	mercilessly
1981	shooting
2677	entreated
3476	least
4133	stork
2619	belongs
557	wonderful
589	forevermore
484	passed
1674	regained
874	show
4542	ton
1327	hundred
2283	store
4509	peaceably
452	attendants
2223	bowed
2971	selling
3491	saint
1992	earliest
382	behind
3798	mercurius
3273	needle
3956	minutest
1520	malice
4053	whetstone
3484	treasurer
492	part
2319	mishap
3140	undertakes
649	believe
1025	stairs
957	grace
3856	uncut
4273	apprentice
7	king
297	kind
2402	john
1162	frock
1340	underlip
1102	lament
4063	travels
2128	grey
338	youth
456	bride
3287	stall
1125	marriage
2321	merciless
3937	insulted
688	sister
2211	toe
1019	treated
2443	declare
2939	dried
655	sentenced
4740	cleaner
4339	klink
2271	den
4129	ditches
4140	urgently
1966	heaviest
4361	beforehand
3591	juicy
781	rushes
4603	roughly
3407	murder
1612	comrades
4441	alike
324	cleaned
2700	aged
2399	rushing
1365	orders
508	sell
334	mountain
942	nights
367	built
1942	ragamuffin
2512	dancing
4155	odd
578	self
1986	cave
4402	silvery
2986	lit
301	also
1699	rowed
4768	costs
1376	lip
339	build
1083	finding
2338	flakes
4849	important
1071	seized
1951	play
678	towards
4096	spectator
4232	godfather
4800	reckon
2818	eater
1700	swiftly
86	reach
122	me
971	most
2354	hired
2784	charm
2952	wedded
790	moss
335	nothing
3715	information
4159	digs
4029	huhu
3875	stately
4241	understands
2886	seize
1485	windows
2852	unspoken
292	clear
4210	sometimes
1725	cover
4502	luckily
414	preaching
3896	outhouse
4372	intention
3504	hints
1623	treasures
1849	amazed
474	clean
4365	hindrance
1886	weigh
698	barrel
1061	skein
88	dragged
924	lying
751	stones
3473	slower
3845	particularly
1028	gold
1644	gates
1410	pennies
2518	fond
1466	scattered
40	kings
2067	defended
3487	shares
1858	perched
4871	hopped
1167	heavens
479	fine
741	find
3938	growler
2841	virtue
1936	giant
3823	abated
3408	depended
2904	sanna
2492	music
1009	justice
3566	crawl
4399	ruin
2276	flesh
4852	reels
1976	fruit
4177	failed
2534	unjustly
3684	betray
900	pretty
1779	money
2691	circle
1987	giants
2513	begins
4366	needy
56	hit
1008	mercy
1898	smell
3177	dry
815	trees
2351	obtain
3773	farthing
3705	remedy
1454	b
2548	hid
2468	valuable
2113	pretending
1190	shared
485	during
1062	silk
37	him
1812	streets
243	kindly
1150	enemy
1600	catches
3431	spikes
2742	sleeve
4037	tabby
2269	supper
2509	gloves
639	common
746	witches
3829	double
1222	naughty
2683	cease
1580	plank
1238	river
1491	nibbled
4833	repulsed
2404	approaching
2798	sew
4413	hairy
3556	bars
608	set
4774	stump
3957	detail
3184	devils
1428	throwing
1494	nibble
883	tended
1059	gothel
4324	lousing
4443	lion
4707	bare
376	are
1678	sea
3983	cleverly
2411	chambers
3296	bark
1130	hole
2410	comfort
2641	feared
1710	knees
4463	learns
1701	learnt
1868	spirits
4841	horrid
3290	binds
2584	wow
3565	exchange
4795	burner
4692	slapped
3728	won
1583	dost
4588	stalk
2891	burned
2598	broomstick
2797	conditions
4019	funeral
1787	lamenting
4186	endure
4464	knowing
2985	leavings
2160	brush
33	huntsmen
1845	missing
3548	fold
2142	cinders
2554	sold
1131	sole
774	roe
1972	nimbly
1819	succeed
3670	fishermans
2703	opposition
3745	poured
4119	distinguish
3292	sheeps
3464	abruptly
171	both
2243	toward
153	last
2264	journeyed
840	nimble
1271	thou
4167	pluming
2706	dummling
213	became
4188	buzz
1649	vault
4240	bond
271	whole
3185	finds
3051	league
2442	tongues
1484	cakes
2965	willows
3048	wear
2185	danced
3396	majesty
770	drunk
2654	simple
1042	sweet
3438	hewn
1436	withered
1577	whatever
733	hollow
2391	key
4074	weasel
409	church
2491	vessel
1446	throughout
4598	kick
3283	goats
2624	patiently
4861	caspar
3173	devil
1964	raise
45	all
3447	apostle
2263	devouring
4482	steeples
3130	dug
4248	runner
2768	contentedly
2844	thirteenth
2765	collected
1087	mockingly
787	empty
2201	astonishment
4447	firm
4171	resting
634	lived
4145	partly
2064	squirrel
545	gay
4002	sending
656	fire
3107	shrewd
529	awake
4737	liver
2083	demand
3651	towns
4018	playthings
2994	jars
4565	furrow
4149	pierce
1741	stolen
1207	fur
4471	thirty
2175	grains
3717	enchanted
1158	frozen
3080	belly
1211	straight
2439	tip
1034	twenty
2079	rope
2143	dusty
250	while
4840	feigned
4608	barricade
1618	pressed
1574	pearls
3881	endanger
3601	mayor
2406	guide
2581	pack
4637	bailiffs
2413	vaults
1889	pound
1851	performed
1490	leant
1750	ducks
3689	awakening
1932	itself
4328	lowered
2466	beautifully
371	ready
1379	rid
4252	stye
2539	anguish
4731	fairer
869	chase
3672	ruts
1056	handsome
2792	shirt
969	grant
2905	fetching
3014	maids
2617	belong
2593	butcher
563	wherein
4199	shorter
3309	discourse
4560	complaints
2927	grand
1901	descended
2239	advise
4104	forgiveness
4198	executioner
100	daughters
2873	higher
3343	lid
4602	covetous
2820	used
3987	waddled
3624	snail
3509	paths
2525	recovered
3053	yesterday
4848	crushed
264	moment
1095	leapt
332	arrived
2068	purpose
1010	necessity
2002	opinion
3778	stack
1394	early
4231	lower
1818	task
3370	older
3998	makes
4769	cheek
4677	chickens
2626	spent
691	dared
125	morrow
554	person
3693	cheer
3626	edge
1636	befell
2708	sneered
2369	withdraw
3743	plotted
1985	spend
1563	howl
2699	preference
2011	ambassador
1329	moving
2868	flaming
259	knot
2168	pigeons
719	morsel
2876	named
3454	salve
3389	quarters
914	shape
3753	openly
4319	thorough
2803	questions
1768	roasted
2004	useful
2549	praying
2184	prince
2533	unto
4054	timber
1041	letting
2446	tables
4077	porch
199	cut
455	having
3662	goblet
3121	cup
3526	surprises
262	workers
1611	danger
689	kissed
3216	prospered
4548	speedily
4030	inquires
3218	eager
3990	scot
4207	cherries
2196	parents
1917	bravery
1803	crying
1076	snap
3237	tormented
2504	bridal
343	furniture
4494	profitably
2470	excited
1330	surprised
4492	ridiculously
3461	manage
2261	spirted
4230	lacking
1134	big
1138	bid
1686	sleeper
4006	tiring
4117	spires
2673	wives
1736	kinds
4290	matters
4004	suffering
996	clutched
4393	messengers
2903	dearly
3074	snore
1488	bit
4605	awaken
2361	weakness
1482	wings
823	knock
3792	shaped
3492	squandered
3277	follows
3951	signal
4511	besiegers
2225	glove
4648	shapes
1384	gretel
4343	pledged
1513	entice
4566	bogie
3972	foolish
2716	wiser
1286	healthy
191	two
4859	names
4005	saddled
1057	love
3306	amicably
311	another
716	often
4855	course
1247	drove
472	obliged
1445	fathers
3301	lodging
423	some
277	back
42	separated
1906	understood
772	lips
1824	added
1606	mighty
398	sight
295	mirror
2724	curious
2034	ravaging
984	pale
1393	ourselves
4766	senseless
1297	pronounced
4166	acquaintance
4353	capsized
4179	boasts
1127	decision
1786	though
4454	lied
2488	exceeding
2182	foreign
4034	begrudged
2476	boarded
4242	pen
3271	behave
3354	piteously
2969	market
4357	deliverer
4642	lark
2229	elder
4300	fragments
4164	surly
4473	forgets
1684	inclination
3967	porridge
21	be
3703	flute
1218	eating
1641	remembered
2678	agreement
4591	smiths
1778	refused
4239	aloft
696	step
4308	lover
1356	concealed
3188	pried
4427	refuses
4817	cannons
4369	raspberry
3789	smothered
23	by
3674	troops
4118	shine
1953	faith
1878	goods
4320	gnome
1221	anything
4456	constraint
236	am
3553	frightful
1294	deserves
98	together
3567	bridle
4108	sinners
4028	filagree
3764	silence
3904	miracles
2479	seeing
4062	shoemaker
4684	crumble
3159	letter
1920	stitched
172	into
540	within
3255	shed
4721	awaited
3692	ministers
3027	darkest
1058	dame
1456	nevertheless
2500	holster
4556	repaid
4835	vagabond
1272	sleepest
4678	chirping
2761	rolls
3604	risk
1897	stitches
4695	vineyard
4219	caressed
457	harnessed
1729	tasting
4433	doll
2807	question
884	cherished
417	long
1722	custom
3642	thirdly
4268	worshipped
1630	grave
2309	mantles
2494	forward
2900	prey
1023	grew
3894	scared
2523	spat
3710	mountains
3376	plunge
130	an
1348	invite
1261	talked
3081	collapsed
4524	frost
968	hoped
1911	cloth
1555	properly
2055	game
4330	repeatedly
3077	sinner
3993	upright
3030	hares
3413	dull
2901	lina
381	peeped
623	charmed
2537	lifeless
4529	skull
4424	cabbages
4385	sounds
2046	sleepers
396	up
383	us
2295	lords
454	greatly
638	slander
3779	accustomed
2613	sum
2483	alarm
3961	hornet
2828	deliverance
4323	bell
4717	possession
3514	geese
3305	dismay
2092	raging
2791	stripped
3538	haunt
432	merry
3495	consulted
3475	cure
4016	paddock
782	wove
4532	prevail
4027	liking
4431	rainbow
3326	divine
1331	excused
2934	objection
836	peace
3697	thanks
2463	pails
1864	excuses
1493	parlor
4674	enquired
4235	forge
2595	jesting
240	nay
2945	mock
3057	nice
3211	ferried
1065	happens
1067	draw
2754	cellar
2646	lend
3105	enterprise
1249	pretended
556	prepared
3209	helping
2050	meaning
832	rested
3303	peril
633	smiled
2652	lent
1782	fishes
3913	mockery
2829	bodily
1613	sides
3898	wringing
1718	ago
1417	sluggards
252	happier
894	reproached
1940	overlooking
227	we
3502	accept
3733	rescued
1836	required
1715	holes
1591	rushed
2568	splashers
1916	admiring
2365	impatient
1514	cooked
4519	nostril
2748	train
1662	fitted
3985	eats
902	fresh
793	berries
3758	rescuer
4467	hello
1240	rinse
3	once
3227	chalk
3091	footing
2320	sharply
1033	hooks
1311	laziness
3000	struggles
3826	tested
2854	soften
3988	highways
2497	someone
3612	grinding
1525	dainty
1345	amiss
4555	gossip
1109	seemed
4718	wrathfully
3332	anointed
4558	farmyard
4810	concerned
3347	peering
3978	byre
133	young
421	send
1201	arrogance
144	oclock
872	does
3851	blaze
4076	tradesmen
1527	stable
3644	graven
1357	spinners
3206	quieted
2109	friendly
506	sent
3807	rag
401	queen
4007	persuade
561	garden
3372	walled
2882	unhurt
3921	bedrooms
2559	rhyme
4504	squeaked
3415	spoon
2510	seizes
2035	putting
3088	trough
1735	telling
1220	yourselves
1146	drinking
1148	continued
3598	wipe
4132	edible
3394	entire
2839	magic
3768	stiff
4067	meant
4489	knight
1121	marry
3233	compassionate
2153	watered
1914	fewer
4436	fretted
816	anxious
4525	race
3682	verdict
4068	swallow
1429	pebble
3815	dealt
3146	freed
4289	airgun
3012	insolence
1200	related
3893	sown
4111	regain
1601	cap
3119	booty
3982	pledge
3186	folds
4530	uncomfortably
950	nursed
2735	procession
2172	crop
862	jump
3546	howls
1547	noise
1780	traveling
1473	picked
4687	nephew
399	growing
2704	ruled
3783	nests
3569	click
3156	folk
4528	victor
3458	poke
3772	pittance
3072	appeased
4626	wallet
3579	giving
3942	hornets
1532	fat
2154	expressed
3314	henceforth
3981	paying
1584	waiting
3659	experiment
1106	twins
3532	unmercifully
3386	mounted
4082	capital
4318	elf
3442	ammunition
374	bird
1174	body
525	led
2973	chose
4838	desires
2714	leg
3190	upsetting
886	beasts
3221	sins
2847	fifteenth
185	youngest
322	desired
4052	scythe
363	let
3148	sink
44	others
2879	dissuade
3128	sing
2859	fifteen
4595	miser
4758	unbolted
4065	vinegar
48	great
4376	arrive
4000	talent
3070	uneasy
1712	receive
3005	laughter
2993	morsels
3541	anvil
2572	screech
2723	host
4020	redbreast
3808	stiking
3018	shavings
3208	oar
3909	hussars
2655	simpleton
1828	mussel
1044	climb
3882	salvation
4014	honor
2290	perished
3279	thats
3863	composed
1960	felled
2133	daybreak
1853	apple
3123	slain
206	wedge
3507	forbid
2444	win
1326	terrified
3849	ensign
4541	renounce
2964	baskets
4724	unwillingly
4589	snapped
3989	stupider
2359	privately
1267	duck
4561	limb
3551	ninth
1496	nibbling
308	tools
4130	galloped
2001	announced
69	standing
354	use
4771	unlaced
43	from
3905	hears
2762	remains
1299	hammered
2833	frog
156	next
2842	eleven
3616	worn
3320	doubt
3167	contentment
1534	crab
3517	journeymen
327	themselves
1273	wakest
3052	grandmothers
1523	cheeks
1915	sort
4794	charcoal
3355	dash
1366	clever
4282	snatching
3543	apprentices
825	started
4474	becomes
3724	inclined
4646	savage
1690	heir
2551	occurred
4154	improve
1039	charming
4275	apprenticed
534	sore
1727	carrying
1309	ashamed
1276	baby
4360	gladly
1405	below
2254	departure
4310	harvest
2288	appointed
3360	broth
1337	women
610	high
2005	account
4115	balls
1396	animals
3260	piety
998	salad
2772	consort
201	this
3561	ride
4336	sounded
1313	insists
2651	shrieked
1136	pour
3786	anywhere
3182	crossed
1187	thin
1362	praise
4484	island
362	meet
771	drops
1324	industry
2308	proof
1745	point
4679	murmuring
4093	streamed
3346	tap
769	bent
738	thirsty
1245	rinsing
2577	calculation
2277	mouthfuls
1037	rode
3606	dripping
310	pieces
1096	escaped
3220	beckoned
180	his
2726	pulling
96	something
3092	slip
490	sought
2296	rods
3706	shrimp
4043	trumpet
3630	tan
3912	contempt
3457	lamb
1866	summers
2815	united
92	sit
4543	strongest
3015	clothing
4457	restrained
2856	meanwhile
446	whence
3629	fortunate
4615	delay
767	run
2008	courtiers
39	forest
785	animal
70	instead
2681	goldsmith
2100	pantaloons
2734	parson
3713	fare
4851	whirr
4699	cobwebs
3228	furiously
1893	cupboard
3780	neighbor
2753	quench
4600	farm
1461	stop
3058	act
402	gathered
319	tied
1284	spirit
2398	sip
1440	fatigue
4793	preferred
2256	fetched
2209	fits
3281	ties
2508	marrow
1205	yielded
3931	wrens
3135	tomb
2950	trifling
3161	readiness
3333	consecrated
4770	dreadful
3833	famous
922	light
4059	lame
4048	feels
2227	cinderellas
3419	trembling
1511	linen
3150	chief
2333	courage
3558	honestly
1308	road
1017	allow
2804	necklace
4623	haunted
976	looking
4461	asks
1913	counted
2047	breast
2832	bathing
2464	wares
2808	mute
4781	move
833	bugle
350	briar
2682	produced
1658	whilst
358	dearest
1085	looks
811	horns
4307	meted
1171	freezes
2003	weighty
2436	bunch
1595	perfect
3811	steel
3082	revived
3699	whereon
4625	thence
3324	chosen
3883	greencoat
1188	broom
3664	mortar
739	brook
2192	lamp
524	walnut
404	meantime
29	age
513	willing
3316	marsh
1463	chimney
4083	travelers
933	covered
3821	holiday
2935	fourth
78	ruined
1333	distress
97	eaten
1843	awaiting
2764	flour
2946	swore
4607	leisure
1545	devoured
352	flew
4802	invitation
3602	sty
3510	property
349	cutting
1659	snake
462	kiss
1198	hands
1219	front
4638	hovered
3593	kindness
3964	flee
4772	transparent
3063	suppose
3770	masters
1892	grumbling
2992	delicious
2251	warned
558	feast
4381	boots
3226	sin
804	delightful
2357	kettleful
4042	fiddle
2664	trap
1704	truth
2058	companion
1323	untiring
4650	accompanied
1026	beneath
3928	stock
2329	shaking
3468	strode
636	few
916	lie
1441	cry
2289	suitors
4363	transported
3730	armies
1244	doing
2049	dreaming
2813	bearing
1685	skipper
3298	furious
2294	books
4267	salves
2066	thrusts
1063	weave
2103	measure
4780	tongs
706	our
3911	wander
2017	special
64	out
974	power
644	secretly
488	honorably
4220	bag
4128	hedges
4660	casket
1078	desert
361	day
4570	mere
2441	strengthened
1434	strokes
4693	bridegrooms
3247	messenger
1669	wondrous
3965	honorable
630	solemnized
1415	dawned
2377	cause
671	red
1199	thereupon
3750	disclose
4287	fun
820	shut
4483	crowing
1111	approached
4026	paddocks
2853	undo
3158	fourteen
3294	switzerland
2348	completely
1958	please
826	surely
1032	tresses
4189	hum
1559	thrust
3433	ridge
3806	anyhow
186	princess
2363	baptism
4384	resumed
1939	comrade
420	overtake
3747	cured
2268	prepare
1924	wagged
4825	ruins
54	could
4708	fated
1235	yarn
260	times
4395	counterpart
1455	conversation
57	length
4354	keel
1483	alighted
2098	doublet
3241	mortal
3021	hence
3323	successor
4301	rumored
2752	sorrowful
3858	scare
4664	south
3416	spilt
1322	finest
2389	undid
4762	plainly
4281	blown
4858	pitied
3637	wakening
1935	powerful
3133	sack
4669	hitherto
4759	lace
4710	foals
4665	eleventh
4098	submit
1270	art
2622	blows
3735	reigned
1516	scent
4429	cabbage
983	pined
284	has
4097	hawk
1459	smaller
2124	fair
3854	unwashed
2155	festival
2189	unknown
2088	whetted
58	chased
272	their
3110	attack
3025	swear
2207	maidens
4549	sergeant
6	time
1070	wrapped
3614	jingle
4291	perfectly
1703	behaved
4730	fairest
2908	boil
1528	grated
1830	shell
1761	stomach
2627	lot
3126	shepherd
2438	portrait
3011	punish
3714	explanation
3348	exactly
4722	drooped
2062	belabored
3009	disguised
2360	baptized
590	weeping
2732	troubling
3266	natural
1027	hair
3590	plough
426	herself
1792	remember
2801	firmly
665	loved
3751	aught
1952	liquid
1919	girdle
4009	sillier
3771	classes
326	see
530	bed
4147	bee
2532	claim
2628	compensation
3328	decided
1629	loves
547	bind
595	dumb
4373	calm
2071	repented
3325	distinguished
4488	spurs
2469	exhibit
551	false
640	beggar
2897	fowl
2592	trusting
2564	groschen
4505	mule
795	tender
2922	thereto
3830	comfortably
1126	torment
1984	cavern
4754	pedlar
907	close
359	need
3641	waken
4491	clearly
3344	briskly
2111	screw
1004	afraid
3353	elsies
2176	dishes
4845	befool
2336	mistress
1478	bough
4668	therewith
85	able
360	mid
930	arm
4311	belief
3403	sprinkled
4843	demolished
4251	astride
49	which
4404	divert
565	lily
2561	thalers
4513	blades
3410	whe
2918	beyond
3155	storm
2698	centre
2460	buckets
8	who
1314	procure
2324	bakers
2814	courtesy
2560	eight
2174	amongst
91	palace
2095	prisoner
4406	cleverest
986	alarmed
674	expired
2414	gallery
3814	split
2195	afresh
1728	deny
4269	shroud
2221	absolutely
3897	neighboring
1499	liked
390	gather
1781	request
2307	questioned
4550	treatment
1176	face
4010	pipe
1903	hi
1053	talk
843	wounded
1934	highest
3959	swarming
1401	planks
2578	gain
41	son
2078	affair
4200	terrific
4567	frighten
4470	gentleman
1184	stove
1504	supported
1073	scissors
241	anyway
4072	hamlet
890	bring
662	tearful
3269	rejoicings
4391	traitor
4512	expenses
135	bedroom
516	lamented
2020	soldiers
822	rough
3633	determined
1785	gasping
2007	pleased
4586	staff
107	one
1657	nearer
888	envy
4493	unanimously
4741	mugs
2974	earned
2966	tough
4039	downstairs
2984	jar
4743	mug
1432	brushwood
20	should
4227	crows
977	planted
4333	notes
2767	inherited
2150	riding
3536	inhabit
1108	wretchedness
3608	rocking
1999	pointed
1854	hope
393	finger
612	spun
3610	whirred
3200	gnaws
415	listened
3377	harmed
1304	beat
1110	familiar
2063	lucky
817	bear
2923	likely
79	six
4466	beam
4587	bean
1169	ones
14	stars
318	words
2916	beak
2653	wise
4139	wring
1082	ascended
1998	following
4864	inquiries
4008	brain
377	married
4283	sharpshooter
3859	crow
231	she
3676	waggons
2835	contain
1733	sparrows
370	pertains
1068	deceived
2883	spotted
4820	withstand
967	lives
3891	claws
4116	crosses
312	frame
2327	shake
4024	orphan
1530	lazy
3831	packet
1204	freeze
2428	breathe
4868	laceleg
651	accused
4222	sweetmeats
4325	dragon
173	sleeping
3886	terms
2756	barrels
4165	packed
4487	wears
3617	luckiest
2527	dungeon
3282	puts
4412	closet
3446	beg
1564	horribly
4516	sails
3214	finally
3503	smallest
4867	sheepshanks
1775	favor
2105	state
921	closed
3857	horrible
613	neither
2499	pistol
3531	youll
978	rampion
2149	bought
4571	trifle
4856	richer
1420	attention
3501	ability
2574	sorely
2393	opening
4061	importance
867	joy
2482	hurrying
2802	deliver
1367	industrious
1931	observed
4278	glimmered
658	courtyard
1766	spared
3404	compelled
4694	spoil
287	sitting
2265	nightfall
4805	approval
1593	precious
4563	thumbling
348	gimlet
1542	weeks
673	instant
684	asunder
2594	joke
1751	taking
4419	acknowledge
1834	equal
4294	minds
3952	agree
2834	fulfilled
3974	assure
2345	doorway
1842	grain
4517	stirring
3516	unbuckled
1837	strewed
1619	conquered
3075	passing
1589	safely
2273	intending
864	otherwise
1675	carefully
4265	welcomed
744	gone
972	wall
4340	ships
989	ca
1334	leaving
732	walk
83	running
2484	betrayed
819	agreed
4764	beguiled
2226	recognized
600	laugh
4137	cousin
1498	disturbing
94	table
4577	acres
2963	earning
4362	unhappiness
4226	quit
3726	fright
394	why
3217	tremendous
1535	shells
3615	grindstone
1197	thanked
2736	shame
3429	immense
435	drank
152	slowly
1152	treat
948	ah
2806	degrees
2014	proposal
3096	waste
3975	coloring
3481	trinity
2156	choose
4814	faced
1963	shoulders
2322	senses
3524	cudgeled
3390	stationed
2036	horsemen
2427	painted
2702	deer
4254	butchery
2751	cellarful
2785	ridden
1217	finished
3406	tenderly
3090	sausages
3515	roasting
1380	hateful
709	kicks
4313	smoking
580	ravens
2304	expounded
574	present
4702	prospect
2786	swans
2065	couple
134	folks
405	plain
1450	means
3450	appearance
4545	examine
3552	value
116	will
4639	hovering
3864	fault
584	wild
702	venomous
464	happened
4423	grasped
3371	suckle
1196	ripe
1418	apron
3528	almost
3456	nudged
941	thus
4332	surface
4135	sacred
1765	weighed
4568	examined
2070	demanded
4120	swinging
4257	pikes
2620	claimed
2187	partner
1925	lambs
1088	sits
188	greater
1862	stands
3102	capture
2521	watchful
1552	kneaded
3609	grinder
514	servants
3066	prettier
4621	wearing
210	began
1579	cross
1865	undisturbed
195	himself
4836	guns
695	unity
1350	strange
3411	merciful
3152	dam
2315	shuttle
3962	foxs
905	gets
3094	joyously
2851	twelfth
2445	difficult
2777	ball
4160	dusk
2129	bedgown
846	huntsman
740	drink
4	upon
4765	effect
3243	commended
756	beast
3424	tangled
568	student
3142	prophesied
2135	sisters
2780	frequently
961	judgment
838	collar
601	single
1874	pleasantly
1954	scarcely
1269	gutter
351	off
4667	center
2373	mention
74	i
1590	afar
73	well
4060	unpacked
2937	fighting
418	thought
642	tricks
1773	amends
2535	hearkened
566	likewise
4434	sets
3708	ravine
1656	drawing
2112	usual
2028	lest
3477	restore
189	taller
406	looked
439	cried
2077	less
3796	moments
1959	oak
3927	wren
4249	keeping
4444	mistaken
3873	gun
1933	thicket
1307	cries
4122	clocks
491	distant
3668	fishing
4729	surpass
4428	seats
1759	tone
4153	skill
3844	sputtering
4271	rambles
707	happiness
3643	consume
161	now
1318	likes
3358	field
298	shovel
993	twilight
4105	passively
735	sky
90	lake
1183	bench
518	forgotten
1594	add
1997	onwards
2650	maintaining
4654	crack
2082	ado
2456	stowed
895	ought
3960	advanced
4844	acted
3339	smart
2262	raven
1927	resolved
951	wont
1143	wooed
982	increased
1646	fate
4371	thoughtlessly
410	priest
1411	stooped
1189	sweep
1996	hurry
62	were
2450	five
606	know
1692	unseen
4574	press
427	immediately
3890	passable
2913	fools
4439	resembled
1104	loss
4618	midge
764	like
397	lost
2447	chairs
1739	ring
4272	locksmiths
2951	shuddered
3688	admitted
4476	loses
4782	exhausted
1266	scullion
1902	hosts
75	have
307	lose
755	become
4873	conrad
783	soft
4673	page
2215	heel
3816	youve
2198	therein
1696	traitors
664	because
3838	straightway
3865	shabby
2740	whither
471	belonged
448	village
1179	basket
1006	thief
1628	alive
4078	tempered
2811	daylight
3106	crafty
2353	holles
3716	springs
2953	proper
280	home
1607	empire
3444	peter
4382	transport
3827	scales
4785	inquiring
489	faithfully
2871	leaf
4847	toppled
3950	lead
3878	tickle
1338	broad
1645	avoid
2907	kettle
1544	lean
2602	thank
736	shone
3819	students
2094	leap
928	cradle
2636	passion
1113	wetted
3763	forgiven
2266	inn
3979	belt
2997	chains
1614	leader
1492	panes
3099	ripped
1437	blowing
3229	obey
855	slight
619	barking
1586	theres
4223	princesses
2991	poverty
2138	peas
4121	pendulums
4573	pressure
1711	murdered
2013	conveyed
758	although
2817	worthy
1382	cutter
1257	hush
1956	mite
4465	crust
4386	fiddles
1290	christened
2029	throne
1884	jam
203	about
1755	bills
4233	quills
626	carried
2258	saddle
4526	staked
2711	haired
607	certainty
2114	smote
650	urged
4533	runners
17	foretold
3640	coachman
2177	seeds
1259	sweat
76	you
3172	hairs
3870	bullets
672	tongue
2396	glasses
654	persuaded
3704	distressed
2401	deathbed
1268	swimming
4773	owl
2563	reckoning
3734	famine
1922	letters
3469	confess
806	wilderness
3996	keeps
2550	owe
4045	pussy
1895	jacket
234	getting
2730	screamed
3084	guard
4087	weather
1626	promise
1947	tiny
1045	singing
4655	torches
3550	roads
4744	owners
4520	blower
935	forget
2968	earthenware
4080	jingled
4468	prompted
2475	twain
1569	rejoice
1303	impatience
228	whom
3920	brides
2257	buckle
4432	weeps
1706	secret
3801	feat
1732	noticed
2890	tails
2961	scanty
2776	lonely
3943	bees
4801	visitor
245	try
2056	biggest
2387	drumstick
1799	hoofs
2670	coarse
4498	mowed
3086	beard
2465	buy
3168	exchanged
2826	enchantment
1296	rolled
3104	hazardous
53	but
4453	repeated
1165	strawberries
3101	plague
835	ho
175	larger
1941	contemptuously
2895	ear
95	eat
19	he
2562	count
2300	misty
258	made
1389	tossed
2929	princes
726	places
164	whether
1777	wish
1320	rooms
4701	unlock
3341	coughing
627	placed
451	carriage
4788	tidily
4035	woke
181	hand
403	fetch
1209	cake
1177	piece
4170	minutes
391	thorn
4100	pantry
2837	thirteen
2292	slew
2355	diligently
3459	begun
1835	scorned
778	garter
2145	cinderella
1387	dearth
3587	pig
2455	utensils
708	beats
4846	confided
2731	goodness
4243	ink
1615	flight
2894	sizzle
3767	education
4158	pit
1507	happen
1132	loft
2452	goldsmiths
4636	spell
2467	compared
1035	ells
4127	switch
1769	dressed
2603	boor
1129	boot
2382	continually
3762	saviour
954	other
3933	flys
1435	branch
1438	backwards
3600	suspiciously
2472	behold
4387	flutes
3078	snips
2146	dresses
570	wished
3122	wherewith
2906	repeat
621	star
2397	plate
4075	respects
515	draught
3351	lamentations
3994	bundle
449	stay
24	stag
3470	chance
4358	stab
2998	shrank
2978	galloping
1252	else
1373	friends
497	opened
3322	appoint
1055	stirred
1206	coat
4580	using
3932	frightfully
2933	ranks
246	came
3215	plenty
1632	wooers
841	lasted
4485	cocks
915	look
3399	faring
3337	elsie
3189	searched
2163	obeyed
2715	understand
2326	baked
2025	dismissal
